一类动词,,,,,,,,,,,,,
,,会う,见面，碰见,会います,あって,あわない,あった,あえ,あおう,あえば,あえる,あわれる,あわせる
,,合う,与……一致,合います,あって,あわない,あった,ー,ー,あえば,ー,ー,あわせる
,,上げる,（从地处向高处）上，登,上がります,あがって,あがらない,あがった,あがれ,あがろう,あがれば,あがれる,あがられる,あがらせる
,,開く,开，打开，开着,開きます,あいて,あかない,あいた,あけ,ー,あけば,ー,ー,ー
,,空く,空，闲，无人使用,空きます,あいて,あかない,あいた,ー,ー,あけば,ー,ー,ー
,,預かる,收存，保管，代人保管,預かります,あずかって,あずからない,あずかった,あずかれ,あずかろう,あずかれば,あずかられる,あずかられる,あずからせる
,,遊ぶ,游玩，玩耍；闲置,遊びます,あそんで,あそばない,あそんだ,あそべ,あそぼう,あそべぼ,あそべる,あそばれる,あそばせる
,,当たる,碰上；猜中；相当于,当たります,あたって,あたらない,あたった,あたれ,あたろう,あたれば,あたれる,あたられる,あたらせる
,,集まる,集合，聚集；汇合,集まります,あつまって,あつまらない,あつまった,あつまれ,あるまろう,あつまれば,あつまれる,あつまられる,あつまらせる
,,謝る,赔礼道歉,謝ります,あやまって,あやまらない,あやまった,あやまれ,あやまろう,あやまれば,あやまられる,あやまられる,あやまらせる
,,洗う,洗，冲洗；调查，查清,洗います,あらって,あらわない,あらった,あらえ,あらおう,あらえば,あらえる,あらわれる,あらわせる
,,ある,有,あります,あって,ない,あった,ー,ー,あれば,ー,ー,ー
,,歩く,走，步行,歩きます,あるいて,あるかない,あるいた,あるけ,あるこう,あるけば,あるける,あるかれる,あるかせる
,,言う,说，讲；叫做，称为,言います,いって,いわない,いった,いえ,いおう,いえば,いえる,いわれる,いわせる
,,行く,去，走；进行，进展,行きます,いって,いかない,いった,いけ,いこう,いけば,いける,いかれる,いかせる
,,急ぐ,急忙，赶忙,急ぎます,いそいで,いそがない,いそいだ,いそげ,いそごう,いそげば,いそげる,いそがける,いそがせる
,,いたす,（自谦）做，办；尽力,いたします,いたして,いたさない,いたした,いたせ,いたそう,いたせば,ー,ー,ー
,,いただく,领取，领受；（自谦）吃，喝,いただきます,いただいて,いただかない,いただいた,いただけ,いただこう,いただけば,いただける,ー,ー
,,至る,到；来到,至ります,いたって,いたらない,いたった,いたけ,いたろう,いたれば,いたれる,いたられる,いたらせる
,,いらっしゃる,来，去，在,いらっしゃいます,いらっしゃって,いらっしゃらない,いらっしゃった,いらっしゃい,ー,いらっしゃれば,ー,ー,ー
,,入り組む,复杂,入り組みます,いりくんで,いりくまない,いりくんだ,ー,ー,いりくめば,ー,ー,いりくませる
,,要る,要，需要,要ります,いって,いらない,いった,ー,ー,いれば,ー,ー,ー
,,祝う,庆祝，祝贺,祝います,いわって,いわわない,いわった,いわえ,いわおう,いわえば,いわえる,いわわれる,いわわせる
,,伺う,问，打听,伺います,うかがって,うかがわない,うかがった,うかがえ,うかがおう,うかがえば,うかがえる,ー,うかがわせる
,,浮かぶ,漂，浮，浮现，想起,浮かびます,うかんで,うかばない,うかんだ,うかべ,ー,うかべば,うかべられる,うかべれる,うかばせる
,,動かす,动摇，移动；感动,動かします,うごかして,うごかさない,うごかした,うごかせ,うごかそう,うごかせば,うごかせる,うごかされる,うごかさせる
,,動く,动，移动，转移,動きます,うごいて,うごかない,うごいた,うごけ,うごこう,うごけば,うごける,うごかれる,うごかせる
,,歌う,唱歌,歌います,うたって,うたわない,うたった,うたえ,うたおう,うたえば,うたえる,うたわれる,うたわせる
,,売る,卖，出售,売ります,うって,うらない,うった,うれ,うろう,うれば,うれる,うられる,うらせる
,,選ぶ,选，挑选，选择,選びます,えらんで,えらばない,えらんだ,えらべ,えらぼう,えらべば,えらべる,えらばれる,えらばせる
,,おいでになる,,おいでになります,おいでになって,おいでにならない,おいでになった,ー,ー,おいでになれば,おいでになれる,おいでになられる,ー
,,置く,放置，设置,置きます,おいて,おかない,おいた,おけ,おこう,おけば,おける,おかれる,おかせる
,,送る,寄，送；送行,送ります,おくって,おくらない,おくった,おくれ,おくろう,おくれば,おくれる,おくられる,おくらせる
,,起こす,叫醒，唤醒；使发生,起こします,おこして,おこさない,おこした,おこせ,おこおう,おこせば,おこせる,おこされる,おこさせる
,,行い,做，进行，举行,行います,おこなって,おこなわない,おこなった,おこなえ,おこなおう,おこなえば,おこなえる,おこなわれる,おこなわせる
,,怒る,发怒，生气,怒ります,おこって,おこらない,おこった,おこれ,おころう,おこれば,おこれる,おこられる,おこらせる
,,押す,推，挤；压，按,押します,おして,おさない,おした,おせ,おそう,おせば,おせる,おされる,おさせる
,,おっしゃる,说，叫，称,おっしゃいます,おっしゃって,おっしゃらない,おっしゃった,ー,ー,おっしゃれば,ー,おっしゃられる,ー


一类动词,,,,,,,,,,,,,
,,落とす,丢失，失落；降低，减低,落とします,おとして,おとさない,おとした,おとせ,おとそう,おとせば,おとせる,おとされる,おとさせる
,,踊る,跳舞,踊ります,おどって,おどらない,おどった,おどれ,おどろう,おどれば,おどれる,おどられる,おどらせる
,,驚く,吃惊，惊讶,驚きます,おどろいて,おどろかない,おどろいた,おどろけ,おどろこう,おどろけば,おどろける,おどろかける,おどろかせる
,,思い出す,想起，相出,思い出します,おもいだして,おもいださない,おもいだした,おもいだせ,おもいだそう,おもいだせば,おもいだせる,おもいだされる,おもいださせる
,,思う,想，认为，以为,思います,おもって,おもわない,おもった,おもえ,おもおう,おもえば,おもえる,おもわれる,おもわせる
,,泳ぐ,游泳,泳ぎます,およいで,およかない,およいだ,およげ,およごう,およげば,およげる,およがれる,およがせる
,,おる,折断，弄断；（自谦）有，在,おります,おって,ー,おった,ー,ー,ー,ー,ー,ー
,,下ろす,拿下，取下,下ろします,おろして,おろさない,おろした,おろせ,おろそう,おろせば,おろせる,おろされる,おろさせる
,,終わる,结束，终了,終わります,おわって,おわらない,おわった,おわれ,おわろう,おわれば,おわれる,おわられる,おわらせる
,,買う,买，购买,買います,かって,かわない,かった,かえ,かおう,かえば,かえる,かわれる,かわせる
,,飼う,养，饲养,飼います,かって,かわない,かった,かえ,かおう,かえば,かえる,かわれる,かわせる
,,返す,还，归还；翻过来,返します,かえして,かえさない,かえした,かえせ,かえそう,かえせば,かえせる,かえされる,かえさせる
,,帰る,回来，回去,帰ります,かえって,かえらない,かえった,かえれ,かえろう,かえれば,かえれる,かえられる,かえらせる
,,かかる,花费，需要；挂着，悬着,かかります,かかって,かからない,かかった,かかれ,かかろう,かかれば,かかれる,かかられる,かからせる
,,掛かる,覆盖在…上,掛かります,かかって,かからない,かかった,かかれ,かかろう,かかれば,かかれる,かかられる,かからせる
,,書く,写,書きます,かいて,かかない,かいた,かけ,かこう,かけば,かける,かかれる,かかせる
,,かく,缺乏，缺少,かきます,かいて,かかない,かいた,かけ,かこう,かけば,かける,かかれる,かかせる
,,飾る,装饰，装修,飾ります,かざって,かざらない,かざった,かざれ,かざろう,かざれば,かざれる,かざられる,かざらせる
,,貸す,借出，出租,貸します,かして,かさない,かした,かせ,かそう,かせば,かせる,かされる,かさせる
,,稼ぐ,赚钱；赢得，取得,稼ぎます,かせいで,かせがない,かせいだ,かせげ,かせごう,かせげば,かせげる,かせがれる,かせがせる
,,勝つ,赢，获胜，战胜,勝ちます,かって,かたない,かった,かて,かとう,かてば,かてる,かたれる,かたせる
,,かぶる,戴，蒙，盖,かぶります,かぶって,かぶらない,かぶった,かぶれ,かぶろう,かぶれば,かぶれる,かぶられる,かぶらせる
,,かむ,咬，咀嚼,かみます,かんで,かまない,かんだ,かめ,かもう,かめば,かめる,かまれる,かませる
,,通う,来往，往返；相同，流通,通います,かよって,かよわない,かよった,かよえ,かよおう,かよえば,かよえる,かよわれる,かよわせる
,,渇く,渴,渇きます,かわいて,かわかない,かわいた,ー,ー,かわけば,ー,ー,ー
,,乾く,干，干燥,乾きます,かわいて,かわかない,かわいた,かわけ,ー,かわけば,ー,ー,ー
,,変わる,变化，改变；特殊,変わります,かわって,かわらない,かわった,かわれ,かわろう,かわれば,かわれる,かわられる,かわらせる
,,頑張る,继续努力；坚持，顽固,頑張ります,がんばって,がんばらない,がんばった,がんばれ,がんばろう,がんばれば,がんばれる,がんばられる,がんばらせる
,,聞く,听，问，打听,聞きます,きいて,きかない,きいた,きけ,きこう,きけば,きける,きかれる,きかせる
,,効く,有效，生效,効きます,きいて,かかない,きいた,ー,ー,きけば,ー,ー,ー
,,気づく,注意到，发觉，意识到,気づきます,きづいて,きづかない,きづいた,きづけ,きづこう,きづけば,きづける,きづかれる,きづかせる
,,決まる,规定，决定,決まります,きまって,きまらない,きまった,ー,ー,きまれば,ー,ー,ー
,,切る,切，砍，剪，打断；限定时间,切ります,きって,きらない,きった,きれ,きろう,きれば,きれる,きられる,きらせる
,,腐る,腐烂，生锈；堕落,腐ります,くさって,くさらない,くさった,ー,ー,くされば,ー,ー,くさらせる
,,くださる,给与,くださいます,くださって,くださらない,くださった,ください,ー,くだされば,ー,ー,ー
,,曇り,阴天；不愉快；模糊,曇ります,くもって,くもらない,くもった,くもれ,ー,くもれば,ー,ー,くもらせる
,,暮らす,生活，谋生，消磨时光,暮らします,くらして,くらさない,くらした,くらせ,くらそう,くらせば,くらせる,くらされる,くらさせる
,,繰り返す,反复，重复,繰り返します,くりかえして,くりかえさない,くりかえした,くりかえせ,くりかえそう,くりかえせば,くりかえせる,くりかえされる,くりかえさせる
,,消す,擦掉，关掉；消除；熄灭,消します,けして,けさない,けした,けせ,けそう,けせば,けせる,けされる,けさせる
,,ござる,有，是,ございます,ござって,ー,ござった,ー,ー,ー,ー,ー,ー
,,困る,为难，苦恼,困ります,こまって,こまらない,こまった,こまれ,こまろう,こまれば,こまれる,こまられる,こまらせる
,,込む,拥挤,込みます,こんで,こまない,こんだ,こめ,ー,こめば,ー,ー,ー
,,ご覧になる,看，过目，观赏,ご覧になります,ごらんになって,ごらんにならない,ごらんになった,ー,ー,ごらんになれば,ー,ごらんになられる,ー
,,転ぶ,跌倒，滚动,転びます,ころんで,ころばない,ころんだ,ころべ,ころばう,ころべば,ころべる,ころばれる,ころばせる
,,壊す,弄坏，破坏,壊します,こわして,こわさない,こわした,こわせ,こわそう,こわせば,こわせる,こわされる,こわさせる
,,探す,寻找，搜查,探します,さがして,さがさない,さがした,さがせ,さがそう,さがせば,さがせる,さがされる,さがさせる


一类动词,,,,,,,,,,,,,
,,下がる,下降，降低；后退,下がります,さがって,さがらない,さがった,さがれ,さがろう,さがれば,さがれる,さがられる,さがらせる
,,咲く,（花）开,咲きます,さいて,さかない,さいた,さけ,さこう,さけば,さける,さかれる,さかせる
,,誘う,诱惑，引诱；引起，促使,誘います,さそって,さそわない,さそった,さそえ,さそおう,さそえば,さそえる,さそわれる,さそわせる
,,サボる,怠工，偷懒，旷工，逃学,サボります,サボって,サボらない,サボった,サボれ,サボろう,サボれば,サボれる,サボられる,サボらせる
,,騒ぐ,吵闹；闹事,騒ぎます,さわいで,さわがない,さわいだ,さわげ,さわごう,さわげば,さわげる,さわがれる,さわがせる
,,触る,碰，触摸，参与,触ります,さわって,さわらない,さわった,さわれ,さわろう,さわれば,さわれる,さわられる,さわらせる
,,しかる,责备，批评,しかります,しかった,しからない,しかった,しかれ,しかろう,しかれば,しかれる,しかられる,しからせる
,,死ね,死，失去效果，不起作用,死にます,しんで,しなない,しんだ,しね,しのう,しねば,しねる,しなれる,しなせる
,,しまう,收拾；与愿望相反的结果,しまいます,しまって,しまわない,しまった,しまえ,しまおう,しまえば,しまえる,しまわれる,しまわせる
,,閉まる,关闭,閉まります,しまって,しまらない,しまった,しまれ,ー,しまれば,ー,ー,ー
,,知る,知道，懂得，了解,知ります,しって,しらない,しった,しれ,しろう,しれば,しれる,しられる,しらせる
,,吸う,吸，吸收（水份）,吸います,すって,すわない,すった,すえ,すおう,すえば,すえる,すわれる,すわせる
,,すく,空闲；空旷,すきます,すいて,すかない,すいた,ー,ー,すけば,ー,ー,ー
,,過ごす,度过，生活,過ごします,すごして,すごさない,すごした,すごせ,すごそう,すごせば,すごせる,すごされる,すごさせる
,,進む,前进，进行,進みます,すすんで,すすまない,すすんだ,すすめ,すすもう,すすめば,すすめる,すすまれる,すすませる
,,滑る,打滑，滑倒；失言，走嘴,滑ります,すべって,すべらない,すべった,すべれ,すべろう,すべれば,すべれる,すべられる,すべらせる
,,住む,住，居住,住みます,すんで,すまない,すんだ,すめ,すもう,すめば,すめる,すまれる,すませる
,,済む,完成，结束,済みます,すんで,すまない,すんだ,ー,ー,すめば,ー,ー,ー
,,座る,座，跪坐；居某种地位,座ります,すわって,すわらない,すわった,すわれ,すわろう,すわれば,すわれる,すわられる,すわらせる
,,育つ,（生物）生长，发育；长进,育ちます,そだって,そだたない,そだった,そだて,ー,そだてば,ー,ー,そだたせる
,,そろう,齐全，齐备；成套,そろいます,そろって,そろわない,そろった,そろえ,そろおう,そろえば,そろえる,そろわれる,そろわせる
,,出す,拿出，取出；出发，寄出,出します,だして,ださない,だした,だせ,だそう,だせば,だせる,だされる,ださせる
,,たたく,敲，拍打；攻击，驳斥,たたきます,たたいて,たたかない,たたいた,たたけ,たたこう,たたけば,たたける,たたかける,たたかせる
,,立つ,站，立；出发,立ちます,たって,たたない,たった,たて,たとう,たてば,たてる,たたれる,たたせる
,,建つ,盖，建造,建ちます,たって,たたない,たった,ー,ー,たてば,ー,たたれる,たたせる
,,頼む,恳求，委托；请，雇,頼みます,たのんで,たのまない,たのんだ,たのめ,たのもう,たのめば,たのめる,たのまれる,たのませる
,,違う,不同；不对,違います,ちがって,ちがわない,ちがった,ー,ー,ちがえば,ー,ー,ちがわせる
,,使う,使用；雇佣；花费,使います,つかって,つかわない,つかった,つかえ,つかおう,つかえば,つかえる,つかわれる,つかわせる
,,つく,点灯，开灯；跟随,つきます,ついて,つかない,ついた,つけ,ー,つけば,ー,ー,ー
,,着く,到，到达,着きます,ついて,つかない,ついた,つけ,つこう,つけば,つける,つかれる,つかせる
,,付く,粘着，附着,付きます,ついて,つかない,ついた,つけ,ー,つけば,ー,ー,ー
,,作る,做，生产,作ります,つくって,つくらない,つくった,つくれ,つくろう,つくれば,つくれる,つくられる,つくらせる
,,続く,继续，连续,続きます,つづいて,つづかない,つづいた,つづけ,つづこう,つづけば,つづける,つづかれる,つづかせる
,,包む,包，裹，卷,包みます,つつんで,つつまない,つつんだ,つつめ,つつもう,つつめば,つつある,つつまれる,つつませる
,,積もる,堆积,積もります,つもって,つもらない,つもった,ー,ー,つもれば,ー,ー,ー
,,手伝う,帮忙，帮助,手伝います,てつだって,てつだわない,てつだった,てつだえ,えつだおう,てつだえば,てつだえる,てつだわれる,てつだわせる
,,通る,通过，走过,通ります,とおって,とおらない,とおった,とおれ,とおろう,とおれば,とおれる,とおられる,とおらせる
,,届く,到达，送到,届きます,とどいて,とどかない,とどいた,とどけ,ー,とどけば,ー,ー,ー
,,整う,整齐，端正；完备，齐备,整います,ととのって,ととのわない,ととのった,ー,ー,ととのえば,ー,ー,ー
,,飛ぶ,飞，飞行,飛びます,とんで,とばない,とんだ,とべ,とぼう,とべば,とべる,とばれる,とばせる
,,泊まる,停泊，住宿，过夜,泊まります,とまって,とまらない,とまった,とまれ,とまろう,とまれば,とまれる,とまられる,とまらせる
,,止まる,停，停止,止まります,とまって,とまらない,とまった,とまれ,とまろう,とまれば,とまれる,とまられる,とまらせる
,,撮る,拍照,撮ります,とって,とらない,とった,とれ,とろう,とれば,とれる,とられる,とらせる
,,とる,拿，取；得到；摘掉,とります,とって,とらない,とった,とれ,とろう,とれば,とれる,とられる,とらせる
,,取る,拿，取；得到；摘掉,取ります,とって,とらない,とった,とれ,とろう,とれば,とれる,とられる,とらせる
,,直す,改正，修正,直します,なおして,なおさない,なおした,なおせ,なおそう,なおせば,なおせる,なおされる,なおさせる


一类动词,,,,,,,,,,,,,
,,治る,治好，治愈,治ります,なおって,なおらない,なおった,なおれ,ー,なおれば,ー,ー,なおらせる
,,鳴く,啼叫，鸣叫,鳴きます,ないて,なかない,ないた,なけ,なこう,なけば,なける,なかれる,なかせる
,,泣く,哭，落泪,泣きます,ないて,なかない,ないた,なけ,なこう,なけば,なける,なかれる,なかせる
,,なくす,丢失，丢掉,なくします,なくして,なくさない,なくした,なくせ,なくそう,なくせば,なくせる,なくされる,なくさせる
,,なくなる,丢失，没有；遗失,なくなります,なくなって,なくならない,なくなった,なくなれ,ー,なくなれば,ー,ー,なくならせる
,,なさる,（敬语）做，干，搞,なさいます,なさって,なさらない,なさった,なされ,ー,なされば,ー,ー,ー
,,ならう,学习,ならいます,ならって,ならわない,ならった,ならえ,ならおう,ならえば,ならえる,ならわれる,ならわせる
,,ならぶ,摆放，排列,ならびます,ならんで,ならばない,ならんだ,ならべ,ならぼう,ならべば,ならべる,ならばれる,ならばせる
,,なる,变成，成为；闻名,なります,なって,ならない,なった,なれ,なろう,なれば,なれる,なられる,ならせる
,,鳴る,鸣，响；闻名，著名,鳴ります,なって,ならない,なった,ー,ー,なれば,ー,ー,ならせる
,,似合う,合适,似合います,にあって,にあわない,にあった,ー,ー,にあえば,ー,ー,ー
,,脱ぐ,脱去，摘掉,脱ぎます,ぬいで,ぬがない,ぬいだ,ぬげ,ぬごう,ぬげば,ぬげる,ぬがれる,ぬがせる
,,盗む,偷盗，盗窃,盗みます,ぬすんで,ぬすまない,ぬすっだ,ぬすめ,ぬすもう,ぬすめば,ぬすめる,ぬすまれる,ぬすませる
,,眠る,睡觉,眠ります,ねむって,ねむらない,ねむった,ねむれ,ねむろう,ねむれば,ねむれる,ねむられる,ねむらせる
,,残る,留下，剩余，残留,残ります,のこって,のこらない,のこった,のこれ,のころう,のこれば,のこれる,のこられる,のこさせる
,,延ばす,延长，拉长,延ばします,のばして,のばさない,のばした,のばせ,のばそう,のばせば,のばせる,のばされる,のばさせる
,,登る,登，攀，爬,登ります,のばって,のばらない,のぼった,のぼれ,のぼろう,のぼれば,のぼれる,のぼられる,のぼらせる
,,飲む,喝，吃（药）,飲みます,のんで,のまない,のんだ,のめ,のもう,のめば,のめる,のまれる,のませる
,,乗る,乘，坐,乗ります,のって,のらない,のった,のれ,のろう,のれば,のれる,のられる,のらせる
,,入る,进入，加入,入ります,はいって,はいらない,はいった,はいれ,はいろう,はいれば,はいれる,はいられる,はいらせる
,,図る,谋求，企图,図ります,はかって,はからない,はかった,はかれ,はかろう,はかれば,はかれる,はかられる,はからせる
,,はく,穿（鞋，袜，裤，裙等）,はきます,はいて,はかない,はいた,はけ,はこう,はけば,はける,はかれる,はかせる
,,運ぶ,运送，搬运,運びます,はこんで,はこばない,はこんだ,はこべ,はこばう,はこべば,はこべる,はこばれる,はこばせる
,,始まる,开始，发生,始まります,はじまって,はじまらない,はじまった,ー,ー,はじまれば,ー,ー,はじまらせる
,,走る,跑，行驶,走ります,はしって,はしらない,はしった,はしれ,はしろう,はしれば,はしれる,はしられる,はしらせる
,,働く,工作，劳动,働きます,はたらいて,はたらかない,はたらいた,はたらけ,はたらこう,はたらけば,はたらける,はたらかれる,はたらかせる
,,話す,说，讲，谈话，告诉,話します,はなして,はなさない,はなした,はなせ,はなそう,はなせば,はなせる,はなされる,はなさせる
,,払う,支付（钱款），付钱，还债,払います,はらって,はらわない,はらった,はらえ,はらおう,はらえば,はらえる,はらわれる,はらわせる
,,はる,粘，贴；春天,はります,はって,はらない,はった,はれ,はろう,はれば,はれる,はられる,はらせる
,,弾く,弹；弹奏,弾きます,ひいて,ひかない,ひいた,ひけ,ひこう,ひけば,ひける,ひかれる,ひかせる
,,引く,拉，拽，拖；吸引；查字典,引きます,ひいて,ひかない,ひいた,ひけ,ひこう,ひけば,ひける,ひかれる,ひかせる
,,引っ越す,搬家,引っ越します,ひっこして,ひっこさない,ひっこした,ひっこせ,ひっこそう,ひっこせば,ひっこせる,ひっこされる,ひっこさせる
,,引っ張る,拉，拽，拉紧，拉过来,引っ張ります,ひっぱって,ひっぱらない,ひっぱった,ひっぱれ,ひっぱろう,ひっぱれば,ひっぱれる,ひっぱられる,ひっぱらせる
,,冷やす,凉快；冷气,冷やします,ひやして,ひやさない,ひやした,ひやせ,ひやそう,ひやせば,ひやせる,はやされる,ひやさせる
,,開く,打开；举办,開きます,ひらいて,ひらかない,ひらいた,ひらけ,ひらこう,ひらけば,ひらける,ひらかれる,ひらかせる
,,拾う,拾，捡；挑出,拾います,ひろって,ひろわない,ひろった,ひろえ,ひろおう,ひろえば,ひろえる,ひろわれる,ひろわせる
,,広がる,放开，展开；扩大，扩展,広がります,ひろがって,ひろがらない,ひろがった,ひろがれ,ひろがろう,ひろがれば,ひろがれる,ひろがられる,ひろがらせる
,,吹く,刮；吹,吹きます,ういて,ふかない,ふいた,ふけ,ふこう,ふけば,ふける,ふかれる,ふかせる
,,防ぐ,防守，防卫，预防,防ぎます,ふせいで,ふせがない,ふせいだ,ふせげ,ふせごう,ふせげば,ふせげる,ふせがれる,ふせがせる
,,太る,胖；增加,太ります,ふとって,ふとらない,ふとった,ふとれ,ふとろう,ふとれば,ふとれる,ふとられる,ふとらせる
,,踏む,踩，踏上；实践，履行,踏みます,ふんで,ふまない,ふんだ,ふめ,ふもう,ふめば,ふめる,ふまれる,ふませる
,,降る,下雨，下雪；下降,降ります,ふって,ふらない,ふった,ふれ,ふろう,ふれば,ふれる,ふられる,ふらせる
,,振る,挥动，摇动；撤,振ります,ふって,ふらない,ふった,ふれ,ふろう,ふれば,ふれる,ふられる,ふらせる
,,減る,减少，磨损；饿,減ります,へって,へらない,へった,ー,ー,へれば,ー,ー,ー
,,ほほえむ,微笑；（花）乍放，初开,ほほえみます,ほほえんで,ほほえまない,ほほえんだ,ほほえめ,ほほえもう,ほほえめば,ほほえめる,ほほえまれる,ほほえませる
,,参る,（自谦）去，来,参ります,まいって,まいらない,まいった,まいれ,まいろう,まいれば,ー,ー,まいらせる


一类动词,,,,,,,,,,,,,
,,曲がる,弯曲；拐弯,曲がります,まがって,まがらない,まがった,まがれ,まがろう,まがれば,まがれる,まがられる,まがらせる
,,巻き込む,卷进，卷入；牵连，连累,巻き込みます,まきこんで,まきこまない,まきこんだ,まきこめ,まきこもう,まきこめば,まきこめる,まきこまれる,まきこませる
,,待つ,等候，等待,待ちます,まって,またない,まった,まて,まとう,まてば,まてる,またれる,またせる
,,間に合う,来得及，赶得上,間に合います,まにあって,まにあわない,まにあった,まにあえ,まにあおう,まにあえば,まにあえる,まにあわれる,まにあわせる
,,守る,防守，保卫；遵守,守ります,まもって,まもらない,まもった,まもれ,まもろう,まもれば,まもれる,まもられる,まもらせる
,,迷う,犹豫，迷惑，迷失,迷います,まよって,まよわない,まよった,まよえ,まよおう,まよえば,まよえる,まよわれる,まよわせる
,,回す,旋转；传递，转送；调转,回します,まわして,まわさない,まわした,まわせ,まわそう,まわせば,まわせる,まわされる,まわさせる
,,回る,转动，灵活，周到,回ります,まわって,まわらない,まわった,まわれ,まわろう,まわれば,まわれる,まわられる,まわらせる
,,磨く,刷，擦；磨练,磨きます,みがいて,みがかない,みがいた,みがけ,みがこう,みがけば,みがける,みがかれる,みがかせる
,,見込む,期待；相信；预料,見込みます,みこんで,みこまない,みこんだ,みこめ,みこもう,みこめば,ｋもこめる,みこまめる,みこませる
,,見つかる,被发现，被看到,見つかります,みつかって,みつからない,みつかった,ー,ー,みつかれば,ー,ー,ー
,,見渡す,张望，远望,見渡します,みわたして,みわたさない,みわたした,みわたせ,みわたそう,みわたせば,みわたせる,みわたされる,みわたさせる
,,向かう,往…去，,向かいます,むかって,むかわない,むかった,むかえ,むかおう,むかえば,むかえる,むかわれる,むかわせる
,,結ぶ,系，结；联结，结合,結びます,むすんで,むすばない,むすんだ,むすべ,むすぼう,むすべば,むすべる,むすばれる,むすばせる
,,召し上がる,请吃，请喝，请吸烟,召し上がります,めしあがって,めしあがらない,めしあがた,めしあがれ,ー,めしあがれば,めしあがれる,めしあがられる,ー
,,申す,（自谦）说，讲，告诉,申します,もうして,もうさない,もうした,もうせ,もうそう,もうせば,ー,ー,ー
,,待ち歩く,拿着走路；搬运,持ち歩きます,もちあるいて,もちあるかない,もちあるいた,みちあるけ,もちあるこう,もちあるけば,もちあるける,もちあるかれる,もちあるかせる
,,持ち帰り,带回，拿回,持ち帰ります,もちかえって,もちかえらない,もちかえった,もちかえれ,もちかえろう,もちかえれば,もちかえれる,もちかえられる,もちかえらせる
,,持つ,拿，带；有，拥有,持ちます,もって,もたない,もった,もて,もとう,もてば,もてる,もたれる,もたせる
,,戻す,还，退回；恢复，复原,戻します,もどして,もどさない,もどした,もどせ,もどそう,もどせば,もどせる,もどされる,もどさせる
,,戻る,返回，恢复，退回,戻ります,もどって,もどらない,もどった,もおれ,もどろう,もどれば,もどれる,もどられる,もどらせる
,,もらう,领取，得到；请求,もらいます,もらって,もらわない,もらった,もらえ,もらおう,もらえば,もらえる,もらわれる,もらわせる
,,焼く,烧，烤，晒（黑）,焼きます,やいて,やかない,やいた,やけ,やこう,やけば,やける,やかれる,やかせる
,,訳す,翻译,訳します,やくして,やくさない,やくした,やくせ,やくそう,やくせば,やくせる,やくされる,やくさせる
,,役立つ,有用，有益，起作用,役立ちます,やくだって,やくだない,やくだった,やくだて,やくだとう,やくだてば,やくだてる,やくだたれる,やくだたせる
,,休む,休息，睡，请假，缺勤,休みます,やすんで,やすまない,やすんだ,やすめ,やすもう,やすめば,やすめる,やすまれる,やすませる
,,雇う,雇用,雇います,やとって,やとわない,やとった,やとえ,やとおう,やとえば,やとえる,やとわれる,やたわせる
,,破る,弄破，破坏,破ります,やぶって,やぶらない,やぶった,やぶれ,やぶろう,やぶれば,やぶれる,やぶられる,やぶらせる
,,やむ,停止；生病；烦恼,やみます,やんで,やまない,やんだ,やめ,ー,やめば,ー,ー,ー
,,やる,做（作业）,やります,やって,やらない,やった,やれ,やろう,やれば,やれる,やられる,やらせる
,,汚す,弄脏，玷污,汚します,よごして,よごさない,よごした,よごせ,よごそう,よごせば,よごせる,よごされる,よごさせる
,,呼ぶ,招呼，唤来,呼びます,よんで,よばない,よんだ,よべ,よぼう,よべば,よべる,よばれる,よばせる
,,読む,读，看,読みます,よんで,よまない,よんだ,よめ,よもう,よめば,よめる,よまれる,よませる
,,寄る,顺便去…；靠近,寄ります,よって,よらない,よった,よれ,よろう,よれば,よれる,よられる,よらせる
,,喜ぶ,高兴,喜びます,よろこんで,よろこばない,よろこんだ,よろこべ,よろこぼう,よろこべば,よろこべる,よろこばれる,よろこばせる
,,分かる,明白，理解,分かります,わかって,わからない,わかった,わかれ,わかろう,わかれば,ー,ー,わからせる
,,渡す,交给，给…,渡します,わたして,わたさない,わたした,わたせ,わたそう,わたせば,わたせる,わたされる,わたさせる
,,渡る,渡，过；经过,渡ります,わたって,わたらない,わたった,わたれ,わたろう,わたれば,わたれる,わたられる,わたらせる
,,笑う,笑；嘲笑；,笑います,わらって,わらわない,わらった,わらえ,わらおう,わらえば,わらえる,わらわれる,わらわせる
,,割る,切，分，割；（算术）除,割ります,わって,わらない,わった,われ,わろう,われば,われる,わられる,わらせる
二类动词,,,,,,,,,,,,,
,,浴びる,浇，淋，浴；遭，受,浴びます,あびて,あびない,あびた,あびろ,あびよう,あびれば,あびられる,あびられる,あびさせる
,,生きる,活，生存；有价值,生きます,いきて,いきない,いきた,いきろ,いきよう,いきれば,いきられる,いきられる,いきさせる
,,いる,要，需要；（人等）在,います,いて,いない,いた,いろ,いよう,いれば,いられる,いられる,いさせる
,,起きる,起床；发生,起きます,おきて,おきない,おきた,おきろ,おきよう,おきれば,おきられる,おきられる,おきさせる
,,落ちる,降落，落下；遗漏,落ちます,おちて,おちない,おちた,おちろ,おちよう,おちれば,ー,おちられる,ー
,,降りる,下，降（雨，雪等）,降ります,おりて,おりない,おりた,おりろ,おりよう,おりれば,おりられる,おりられる,おりさせる



二类动词,,,,,,,,,,,,,
,,下りる,从（车等交通工具）下来,下ります,おりて,おりない,おりた,おりろ,おりよう,おりれば,おりられる,おりられる,おりさせる
,,借りる,借（进来）；借用,借ります,かりて,かりない,かりた,かりろ,かりよう,かりれば,かりられる,かりられる,かりさせる
,,感じる,感觉，感到；感想,感じます,かんじて,かんじない,かんじた,かんじろ,かんじよう,かんじれば,かんじられる,かんじられる,かんじさせる
,,着る,穿（上衣）；承担,着ます,きて,きない,きた,きろ,きよう,きれば,きられる,きられる,きさせる
,,信じる,相信；确信,信じます,しんじて,しんじない,しんじた,しんじろ,しんじよう,しんじれば,しんじられる,しんじられる,しんじさせる
,,過ぎる,通过，经过,過ぎます,すぎて,すぎない,すぎた,すぎろ,ー,すぎれば,ー,ー,ー
,,存じている,知道；想，认为,存じています,ぞんじていて,ぞんじていない,ぞんじていた,ー,ー,ぞんじていれば,ー,ー,ー
,,足りる,足够,足ります,たりて,たりない,たりた,ー,ー,たりれば,ー,ー,ー
,,通じる,通，通往；熟悉；理解,通じます,つうじて,つうじない,つうじた,つうじろ,つうじよう,つうじれば,つうじられる,つうじられる,つうじさせる
,,できる,会，能；作完,できます,できて,できない,できた,ー,ー,できれば,ー,ー,ー
,,似る,相似，相像,似ます,にて,にない,にた,にろ,ー,にれば,ー,ー,にさせる
,,見る,看，观看，参观,見ます,みて,みない,みた,みろ,みよう,みれば,みられる,みられる,みさせる
,,開ける,开，打开；开始营业,開けます,あけて,あけない,あけた,あけろ,あけよう,あければ,あけられる,あけられる,あけさせる
,,あげる,举行，举办,あげます,あげて,あげない,あげた,あげろ,あげよう,あげれば,あげられる,あがられる,あげさせる
,,挙げる,举行，举办,挙げます,あげて,あげない,あげた,あげろ,あげよう,あげれば,あげられる,あがられる,あげさせる
,,揚げる,油炸；升起，扬起,揚げます,あげて,あげない,あげた,あげろ,あげよう,あげれば,あげられる,あげられる,あげさせる
,,預ける,寄存；寄放,預けます,あずけて,あずけない,あずけた,あずけろ,あずけよう,あずければ,あずけられる,あずけられる,あずけさせる
,,暖める,温，热，烫,暖めます,あたためて,あたためない,あたためた,あたためろ,あたためよう,あたためれば,あたためられる,あたためられる,あたためさせる
,,集める,收集，召集,集めます,あつめて,あつめない,あつめた,あつめろ,あつめよう,あつめれば,あつめられる,あつめられる,あつめさせる
,,慌てる,惊慌，急急忙忙,慌てます,あわてて,あわてない,あわてた,あわてろ,あわてよう,あわてれば,ー,あわてられる,あわてさせる
,,いじめる,欺负，虐待,いじめます,いじめて,いじめない,いじめた,いじめろ,いじめよう,いじめれば,いじめられる,いじめられる,いじめさせる
,,入れる,放进，放入；采纳，听从,入れます,いれて,いれない,いれた,いれろ,いれよう,いれれば,いれられる,いれられる,いれさせる
,,受ける,接受；继承,受けます,うけて,うけない,うけた,うけろ,うけよう,うければ,うけられる,うけられる,うけさせる
,,生まれる,产生，出现，问世,生まれます,うまれて,うまれない,うまれた,ー,ー,うまれれば,ー,ー,ー
,,売れる,畅销，好卖,売れます,うれて,うれない,うれた,うれろ,ー,うれれば,ー,ー,ー
,,遅れる,慢，晚；耽误,遅れます,おくれて,おくれない,おくれた,おくれる,おくれよう,おくれれば,ー,おくれられる,おくれさせる
,,教える,教，教授；告诉；教导,教えます,おしえて,おしえない,おしえた,おしえろ,おしえよう,おしえれば,おしえられる,おしえられる,おしえさせる
,,覚える,记住，记忆；学会,覚えます,おぼえて,おぼえない,おぼえた,おぼえろ,おぼえよう,おぼえれば,おぼえられる,おぼえられる,おぼえさせる
,,折れる,折断，拐弯；妥协,折れます,おれて,おれない,おれた,おれろ,ー,おれれば,ー,ー,おれさせる
,,かける,缺，欠，不足,かけます,かけて,かけない,かけた,かけろ,かけよう,かければ,かけられる,かけられる,かけさせる
,,掛ける,挂，悬，架,掛けます,かけて,かけない,かけた,かけろ,かけよう,かければ,かけられる,かけられる,かけさせる
,,片づける,收拾，整理,片づけます,かたづけて,かたづけない,かたづけた,かたづけろ,かたづけよう,かたづければ,かたづけられる,かたづけられる,かたづけさせる
,,枯れる,枯萎，凋谢,枯れます,かれて,かれない,かれた,ー,ー,かれれば,ー,ー,かれさせる
,,考える,考虑；打算,考えます,かんがえて,かんがえない,かんがえた,かんがえろ,かんがえよう,かんがえれば,かんがえられる,かんがえられる,かんがえさせる
,,消える,消失,消えます,きえて,きえない,きえた,きえろ,きえよう,きえれば,きえられる,きえられる,きえさせる
,,聞こえる,听得见,聞こえます,きこえて,きこえない,きこえた,きこえろ,ー,きこえれば,ー,ー,きこえさせる
,,決める,决定，认定,決めます,みめて,きめない,きめた,きめろ,きめよう,きめれば,きめられる,きめられる,きめさせる
,,くれる,给我；天黑,くれます,くれて,くれない,くれた,くれろ,くれよう,くれれば,ー,ー,ー
,,超える,渡过；超过,超えます,こえて,こえない,こえた,こえろ,こえよう,こえれば,こえられる,こえられる,こえさせる
,,答える,回答，答复,答えます,こたえて,こたえない,こたえた,こたえろ,こたえよう,こたえれば,こたえられる,こたえられる,こたえさせる
,,壊れる,坏，碎；失败,壊れます,こわれて,こわれない,こわれた,こわれろ,ー,こわれれば,ー,ー,ー
,,避ける,躲避，防备,避けます,さけて,さけない,さけた,さけろ,さけよう,さければ,さけられる,さけられる,さけさせる
,,下げる,下降，降低；拎，提,下げます,さげて,さげない,さげた,さげろ,さげよう,さげれば,さげられる,さげられる,さげさせる
,,差し上げる,举起；赠给,差し上げます,さしあげて,さしあげない,さしあげた,さしあげろ,さしあげよう,さしあげれば,ー,ー,ー
,,閉める,关闭,閉めます,しめて,しめない,しめた,しめろ,しめよう,しめれば,しめられる,しめられる,しめさせる
,,しゃれる,打扮得漂亮；说话俏皮,しゃれます,しゃれて,しゃれない,しゃれた,しゃれろ,ー,しゃれれば,ー,ー,しゃれさせる



二类动词,,,,,,,,,,,,,
,,知らせる,知道，了解,知らせます,しらせて,しらせない,しらせた,しらせろ,しらせよう,しらせれば,しらせられる,しらせられる,しらせさせる
,,調べる,调查，研究,調べます,しらべて,しらべない,しらべた,しらべろ,しらべよう,しらべれば,しらべられる,しらべられる,しらべさせる
,,進める,使前进；推进；晋级,進めます,すすめて,すすめない,すすめた,すすめろ,すすめよう,すすめれば,すすめられる,すすめられる,すすめさせる
,,捨てる,扔掉，抛弃；不管,捨てます,すてて,すてない,すてた,すてろ,すてよう,すてれば,すてられる,すてられる,すてさせる
,,済ませる,完了，终结,済みませます,すませて,すませない,すませた,すませろ,すませよう,すませれば,すませられる,すませられる,すませさせる
,,そろえる,使（什么）一致,そろえます,そろえて,そろえない,そろえた,そろえろ,そろえよう,そろえれば,そろえられる,そろえられる,そろえさせる
,,確かめる,弄清，查明,確かめます,たしかめて,たしかめない,たしかめた,たしかめろ,たしかめよう,たしかめれば,たしかめられる,たしかめられる,たしかめさせる
,,助ける,帮忙，帮助，救助,助けます,たすけて,たすけない,たすけた,たすけろ,たすけよう,たすければ,たすけられる,たすけられる,たすけさせる
,,訪ねる,访问，拜访,訪ねます,たずねて,たずねない,たずねた,たずねろ,たずねよう,たずねれば,たずねられる,たずねられる,たずねさせる
,,建てる,盖，建造,建てます,たてて,たてない,たてた,たてろ,たてよう,たてれば,たてられる,たてられる,たてさせる
,,食べる,吃,食べます,たべて,たべない,たべた,たべろ,たべよう,たべれば,たべられる,たべられる,たべさせる
,,ためる,矫正，整形，改正,ためます,ためて,てめない,ためた,ためろ,ためよう,ためれば,ためられる,ためられる,ためさせる
,,疲れる,疲劳，累,疲れます,つかれて,つかれない,つかれた,ー,ー,つかれれば,ー,ー,つかれさせる
,,つける,点，开；安装；腌,つけます,つけて,つけない,つけた,つけろ,つけよう,つければ,つけられる,つけられる,つけさせる
,,付ける,点，开；安装,付けます,つけて,つけない,つけた,つけろ,つけよう,つければ,つけられる,つけられる,つけさせる
,,告げる,告诉，通知,告げます,つげて,つげない,つげた,つげろ,つげよう,つげれば,つげられる,つげられる,つげさせる
,,伝える,传达，转告,伝えます,つたえて,つたえない,つたえた,つたえろ,つたえよう,つたえれば,つたえられる,つたえられる,つたえさせる
,,続ける,继续，连续,続けます,つづけて,つづけない,つづけた,つづけろ,つづけよう,つづければ,つづけられる,つづけられる,つづけさせる
,,連れる,带领，带着,連れます,つれて,つれない,つれた,つれろ,つれよう,つれれば,つれられる,つれられる,つれさせる
,,出かける,出门，出去，到…去,出かけます,でかけて,でかけない,でかけた,でかけろ,でかけよう,でかければ,でかけられる,でかけられる,でかけさせる
,,出る,出来，出去；出发,出ます,でて,でない,でた,でろ,でよう,でれば,でられる,でられる,でさせる
,,通り抜ける,穿过，穿越,通り抜けます,とおりぬけて,とおりぬけない,とおりにけた,とおりぬけろ,とおりぬけよう,とおりぬければ,とおりぬけられる,とおりぬけられる,とおりぬけさせる
,,届ける,寄，送；送到，送交；申报,届けます,とどけて,とどけない,とどけた,とどけろ,とどけよう,とどければ,とどけられる,とどけられる,とどけさせる
,,止める,停止,止めます,とめて,とめない,とめた,とめろ,とめよう,とめれば,とめられる,とめられる,とめさせる
,,取り替える,交换，更换,取り替えます,とりかえて,とりかえない,とりかえた,とりかえろ,とりかえよう,とりかえれば,とりかえられる,とりかえられる,とりかえさせる
,,並べる,摆放；排列；罗列,並べます,ならべて,ならべない,ならべた,ならべろ,ならべよう,ならべれば,ならべられる,ならべられる,ならべさせる
,,慣れる,习惯，熟练，适应,慣れます,なれて,なれない,なれた,なれろ,なれよう,なれれば,なれられる,なれられる,なれさせる
,,逃げる,逃跑，逃走；躲避,逃げます,にげて,にげない,にげた,にげろ,にげよう,にげれば,にげられる,にげられる,にげさせる
,,ぬれる,淋湿,ぬれます,ぬれて,ぬれない,ぬれた,ー,ー,ぬれれば,ー,ー,ぬれさせる
,,寝る,睡觉；卧床；躺,寝ます,ねて,ねない,ねた,ねろ,ねよう,ねれば,ねられる,ねられる,ねさせる
,,乗り換える,换乘；改乘；换车,乗り換えます,のりかえて,のりかえない,のりかえた,のりかえろ,のりかえよう,のりかえれば,のりかえられる,のりかえられる,なりかえさせる
,,始める,开始,始めます,はじめて,はじめない,はじめた,はじめろ,はじめよう,はじめれば,はじめられる,はじめられる,はじめさせる
,,晴れる,天晴；（心情）舒畅,晴れませ,はれて,はれない,はれた,ー,ー,はれれば,ー,ー,ー
,,冷える,变冷；感觉冷,冷えます,ひえて,ひえない,ひえた,ー,ー,ひえれば,ー,ー,ー
,,増える,增加,増えます,ふえて,ふえない,ふえた,ふえろ,ー,ふえれば,ー,ふえられる,ふえさせる
,,ぶつける,扔，投；碰上,ぶつけます,ぶつけて,ぶつけない,ぶつけた,ぶつけろ,ぶつけよう,ぶつければ,ぶつけられる,ぶつけられる,ぶつけさせる
,,ほめる,表扬，称赞,ほめます,ほめて,ほめない,ほめた,ほめろ,ほめよう,ほめれば,ほめられる,ほめられる,ほめさせる
,,負ける,输，败；让价,負けます,まけて,まけない,まけた,まけろ,まけよう,まければ,まけられる,まけられる,まけさせる
,,間違える,弄错，搞错,間違えます,まちがえて,まちがえない,まちがえた,まちがえろ,まちがえよう,まちがえれば,まちがられる,まちがえられる,まちがえさせる
,,まとめる,整理，归纳,まとめます,まとめて,まとめない,まとめた,まとめろ,めとめよう,めためれば,まとめられる,まとめられる,まとめさせる
,,見える,看得见；（敬语）来,見えます,みえて,みえない,みえた,みえろ,ー,みえれば,ー,ー,みえさせる
,,見せる,给…看；让…看,見せます,みせて,みせない,みせた,みせろ,みせよう,みせれば,みせられる,みせられる,みせさせる
,,見つける,找到，找出；发现,見つけます,みつけて,みつけない,みつけた,みつけろ,みつけよう,みつければ,みつけられる,みるけたれる,みつけさせる
,,迎える,迎接,迎えます,むかえて,むかえない,むかえた,むかえろ,むかえよう,むかえれば,むかえられる,むかえられる,むかえさせる
,,求める,想要，希望；要求，请求,求めます,もとめて,もとめない,もろめた,もとめろ,もとめよう,もとめれば,もとめられる,もとめられる,もとめさせる
,,もれる,（液，气，光，声等）漏,漏れます,もれて,もれない,もれた,ー,ー,もれれば,ー,ー,もれさせる



二类动词,,,,,,,,,,,,,
,,焼ける,燃烧，着火；烧热，烤好,焼けます,やけて,やけない,やけた,やけ,ー,やければ,ー,ー,やけさせる
,,やせる,瘦；（土地）贫瘠,やせます,やせて,やせない,やせた,やせろ,やせよう,やせれば,やせられる,やせられる,やせさせる
,,やめる,停止，放弃，离去,やめます,やめて,やめない,やめた,やめろ,やめよう,やめれば,やめられる,やめられる,やめさせる
,,辞める,辞职，停学,辞めます,やめて,やめない,やめた,やめろ,やめよう,やめれば,やめられる,やめられる,やめさせる
,,汚れる,弄脏,汚れます,よごれて,よごれない,よごれた,ー,ー,よごれれば,ー,ー,よごれさせる
,,忘れる,忘掉，忘记,忘れます,わすれて,わすれない,わすれた,わすれろ,わすれよう,わすれれば,わすれられる,わすれられる,わすれさせる
,,割れる,坏，碎；分裂，破裂,割れます,われて,われない,われた,ー,ー,われれば,ー,ー,ー
三类动词,,,,,,,,,,,,,
,,来る,来，到来,来ます,きて,こない,きた,こい,こよう,くれば,こられる,こられる,こさせる
,,する,做，进行；担任，充当,します,して,しない,した,しろ,しよう,すれば,できる,される,させる
,,雨宿りする,保护，遮掩；避雨,雨宿りします,あまやどりして,あまやどりしない,あまやどりした,あまやどりしろ,あまやどりしよう,あまやどりすれば,あまやどりできる,あまやどりされる,あまやどりさせる
,,暗記する,记住，背下来；死记硬背,暗記します,あんきして,あんきしない,あんきした,あんきしろ,あんきしよう,あんきすれば,あんきできる,あんきされる,あんきさせる
,,安心する,放心，安心,安心します,あんしんして,あんしんしない,あんしんした,あんしんしろ,あんしんしよう,あんしんすれば,あんしんできる,あんしんされる,あんしんさせる
,,案内する,引导，向导；指南,案内します,あんないして,あんないしない,あんないした,あんないしろ,あんないしよう,あんないすれば,あんないできる,あんあにされる,あんないさせる
,,いらいらする,着急，焦急,いらいらします,いらいらして,いらいらしない,いらいらした,ー,ー,いらいらすれば,ー,いらいらされる,いらいらさせる
,,依頼する,委托，依靠,依頼します,いらいして,いらいしない,いらいした,いらいしろ,いらいしよう,いらいすれば,いらいできる,いらいされる,いらいさせる
,,うっとりする,出神，陶醉，入迷,うっとりします,うっとりして,うっとりしない,うっとりした,ー,ー,うっとりすれば,ー,うっとりされる,うっとりさせる
,,運動する,运动，活动,運動します,うんどうして,うんどうしない,うんどうした,うんどうしろ,うんどうしよう,うんどうすれば,うんどうできる,うんどうされる,うんどうさせる
,,演奏する,演奏,演奏します,えんそうして,えんそうしない,えんそうした,えんそうしろ,えんそうしよう,えんそうすれば,えんそうできる,えんそうだれる,えんそうさせる
,,遠慮する,远虑；回避；客气,遠慮します,えんりょして,えんりょしない,えんりょした,えんりょしろ,えんりょしよう,えんりょすれば,えんりょできる,えんりょされる,えんりょさせる
,,お邪魔する,打扰，妨碍,お邪魔します,おじゃまして,おじゃましない,おじゃました,おじゃましろ,おじゃましよう,おじゃますれば,おじゃまできる,おじゃまされる,おじゃまさせる
,,外出する,外出，出门,外出します,がいしゅつして,がいしゅつしない,がいしゅつした,がいしゅつしろ,がいしゅつしよう,がいしゅつすれば,がいしゅつできる,がいしゅつされる,がいしゅつさせる
,,改築する,改建，重建，改造,改築します,かいちくして,かいちくしない,かいちくした,かいちくしろ,かいちくしよう,かいちくすれば,かいちくできる,かいちくされる,かいちくさせる
,,開通する,通车，通话，通航,開通します,かいつうして,かいつうしない,かいつうした,かいつうしろ,かいつうしよう,かいつうすれば,かいつうできる,かいつうされる,かいつうさせる
,,開発する,开发，研制,開発します,かいはつして,かいはつしない,かいはつした,かいはつしろ,かいはつしよう,かいはつすれば,かいはつできる,かいはつされる,かいはつさせる
,,買い物する,购物，值得买的东西,買い物します,かいものして,かいものしない,かいものした,かいものしろ,かいものしよう,かいものすれば,かいものできる,かいものされる,かいものさせる
,,がっかりする,失望，灰心，丧气,がっかりします,がっかりして,がっかりしない,がっかりした,ー,ー,がっかりすれば,ー,がっかりされる,がっかりさせる
,,歓迎する,欢迎,歓迎します,かんげいして,かんげいしない,かんげいした,かんげいしろ,かんげいしよう,かんげいすれば,かんげいできる,かんげいされる,かんげいさせる
,,換算する,换算,換算します,かんさんして,かんさんしない,かんさんした,かんさんしろ,かんさんしよう,かんさんすれば,かんさんできる,かんさんされる,かんさんさせる
,,感謝する,感谢,感謝します,かんしゃして,かんしゃしない,かんしゃした,かんしゃしろ,かんしゃしよう,かんしゃすれば,かんしゃできる,かんしゃされる,かんしゃさせる
,,完成する,完成,完成します,かんせいして,かんせいしない,かんせいした,かんせいしろ,かんせいしよう,かんせいすれば,かんせいできる,かんせいされる,かんせいさせる
,,乾杯する,干杯,乾杯します,かんぱいして,かんぱいしない,かんぱいした,かんぱいしろ,かんぱいしよう,かんぱいすれば,かんぱできる,かんぱいされる,かんぱさせる
,,看病する,护理，看护,看病します,かんびょうして,かんびょうしない,かんびょうした,かんびょうしろ,かんびょうしよう,かんびょうすれば,かんびょうできる,かんびょうされる,かんびょうさせる
,,管理する,管理，管辖,管理します,かんりして,かんりしない,かんりした,かんりしろ,かんろしよう,かんりすれば,かんりでくる,かんりされる,かんりさせる
,,帰国する,回国,帰国します,きこくして,きこくしない,きこくした,きこくしろ,きこくしよう,きこくすれば,きこくでくる,きこくされる,きこくさせる
,,期待する,期待，期望,期待します,きたいして,きたいしない,きたいした,きたいしろ,きたいしよう,きたいすれば,きたいできる,きたいされる,きたいさせる
,,休憩する,休息片刻,休憩します,きゅうけいして,きゅうけいしない,きゅうけいした,きゅうけいしろ,きゅうけいしよう,きゅうけいすれば,きゅうけいできる,きゅうけいされる,きゅうけいさせる
,,休職する,长期休假,休職します,きゅうしょくして,きゅうしょくしない,きゅうしょくした,きゅうしょくしろ,きゅうしょくしよう,きゅうしょくすれば,きゅうしょくでくる,きゅうしょくされる,きゅうしょくさせる
,,緊張する,紧张,緊張します,きんちょうして,きんちょうしない,きんちょうした,きんちょうしろ,ー,きんちょうすれば,ー,きんちょうされる,きんちょうさせる
,,苦労する,辛苦，艰苦,苦労します,くろうして,くろうしない,くろうした,くろうしろ,くろうしよう,くろうすれば,ー,ー,くろさせる
,,経験する,经验,経験します,けいけんして,けいけんしない,けいけんした,けいけんしろ,けいけんしよう,けいけんすれば,けいけんできる,けいけんされる,けいけんさせる
,,結婚する,结婚,結婚します,けっこんして,けっこんしない,けっこんした,けっこんしろ,けっこんしよう,けっこんすれば,けっこんできる,けっこんされる,けっこんさせる
,,欠席する,缺席,欠席します,けっせきして,けっせきしない,けっせきした,けっせきしろ,けっせきしよう,けっせきすれば,けっせきできる,けっせきされる,けっせきさせる
,,けんかする,争吵，吵架，打架,けんかします,けんかして,けんかしない,けんかした,けんかしろ,けんかしよう,けんかすれば,けんかできる,けんかされる,けんかさせる
,,研究する,研究,研究します,けんきゅうして,けんきゅうしない,けんきゅうした,けんきゅうしろ,けんきゅうしよう,けんきゅうすれば,けんきゅうできる,けんきゅうされる,けんきゅうさせる
,,検討する,研讨，审核,検討します,けんとうして,けんとうしない,けんとうした,けんとうしろ,けんとうしよう,けんとうすれば,けんとうできる,けんとうされる,けんとうさせる
,,合格する,合格,合格します,ごうかうして,ごうかうしない,ごうかうした,ごうかくしろ,ごうかくしよう,ごうかくすれば,ごうかくでくる,ごうかくされる,ごうかくさせる



三类动词,,,,,,,,,,,,,
,,交換する,交换，互换,交換します,こうかんして,こうかんしない,こうかんした,こかんしろ,こうかんしよう,こうかんすれば,こうかんできる,こうかんされる,こうかんさせる
,,故障する,故障,故障します,こしょうして,こしょうしない,こしょうした,ー,ー,ｋしょうすれば,ー,ー,こしょうさせる
,,ごちそうする,美味佳肴；请客，款待,ごちそうします,ごちそうして,ごちそうしない,ごちそうした,ごちそうしろ,ごちそうしよう,ごちそうすれば,ごちそうできる,ごちそうされる,ごちそうさせる
,,コピーする,复制，复印,コピーします,コピーして,コピーしない,コピーした,コピーしろ,コピーしよう,コピーすれば,コピーできる,コピーされる,コピーさせる
,,参加する,参加，加入,参加します,さんかして,さんかしない,さんかした,さんかしろ,さんかしよう,さんかすれば,さんかできる,さんかされる,さんかさせる
,,残業する,加班,残業します,ざんぎょうして,ざんぎょうしない,ざんぎょうした,ざんぎょうしろ,ざんぎょうしよう,ざんぎょうすれば,ざんぎょうできる,ざんぎょうされる,ざんぎょうさせる
,,散歩する,散步,散歩します,さんぽして,さんぽしない,さんぽした,さんぽしろ,さんぽしよう,さんぽすれば,さんぽできる,さんぽされる,さんぽさせる
,,試作する,试制，试作,試作します,しさくして,しさくしない,しさくした,しさくしろ,しさくしよう,しさくすれば,しさくできる,しさくされる,しさくさせる
,,辞職する,辞职,辞職します,じしょくして,じしょくしない,じしょくした,じしょくしろ,じしょくしよう,じしょくすれば,じしょくできる,じしょくされる,じしょくさせる
,,実感する,真实感,実感します,じっかんして,じっかんしない,じっかんした,じっかんしろ,じっかんしよう,じっかんすれば,じっかんできる,じっかんされる,じっかんさせる
,,実現する,实现,実現します,じつげんして,じつげんしない,じつげんした,じつげんしろ,じつげんしよう,じつげんすれば,じつげんできる,じつげんされる,じつげんさせる
,,失敗する,失败，故障,失敗します,しっぱいして,しっぱいしない,しっぱいした,ー,ー,しっぱいすれば,ー,しっぱいされる,しっぱいさせる
,,渋滞します,交通堵塞；迟滞,渋滞します,じゅうたいして,じゅうたいしない,じゅうたいした,ー,ー,じゅうたいすれば,ー,ー,じゅうたいさせる
,,シュートします,（包裹，垃圾等）滑槽，滑运道,シュートします,シュートして,シュートしない,シュートした,シュートしろ,シュートしよう,シュートすれば,シュートできる,シュートされる,シュートさせる
,,出勤する,上班,出勤します,しゅっきんして,しゅっきんしない,しゅっきんした,しゅっきんしろ,しゅっきんしよう,しゅっきんすれば,しゅっきんできる,しゅっきんされる,しゅっきんさせる
,,出場する,出场，参加,出場します,しゅつじょうして,しゅつじょうしない,しゅつじょうした,しゅつじょうしろ,しゅつじょうしよう,しゅつじょうすれば,しゅつじょうできる,しゅつじょうされる,しゅつじょうさせる
,,出席する,出席，参加,出席します,しゅっせきして,しゅっせきしない,しゅっせきした,しゅっせきしろ,しゅっせきしよう,しゅっせきすれば,しゅっせきできる,しゅっせきされる,しゅっせきさせる
,,出発する,出发,出発します,しゅっぱつして,しゅっぱつしない,しゅっぱつした,しゅっぱつしろ,しゅっぱつしよう,しゅっぱつすれば,しゅっぱつできる,しゅっぱつされる,しゅっぱつさせる
,,紹介する,介绍,紹介します,しょうかいして,しょうかいしない,しょうかいした,しょうかいしろ,しょうかいしよう,しょうかいすれば,しょうかいできる,しょうかいされる,しょうかいさせる
,,承知する,知道，明白；允许，原谅,承知します,しょうちして,しょうちしない,しょうちした,しょうちしろ,しょうちしよう,しょうちすれば,しょうちできる,しょうちされる,しょうちさせる
,,食事する,吃饭，进餐,食事します,しょくじして,しょくじしない,しょくじした,しょくじしろ,しょくじしよう,しょくじすれば,しょくじできる,しょくじされる,しょくじさせる
,,心配する,担心，忧虑,心配します,しんぱいして,しんぱいしない,しんぱいした,しんぱいしろ,しんぱいしよう,しんぱいすれば,しんぱいできる,しんぱいされる,しんぱいさせる
,,スケッチする,素描，写生；草图,スケッチします,スケッチして,スケッチしない,スケッチした,スケッチしろ,スケッチしよう,スケッチすれば,スケッチできる,スケッチされる,スケッチさせる
,,成功する,功成名就，成功,成功します,せいこうして,せいこうしない,せいこうした,せいこうしろ,せいこうしよう,せいこうすれば,せいこうできる,せいこうされる,せいこうさせる
,,生産する,生产,生産します,せいさんして,せいさんしない,せいさんした,せいさんしろ,せいさんしよう,せいさんすれば,せいさんできる,せいさんされる,せいさんさせる
,,製造する,制作，加工，制造,製造します,せいぞうして,せいぞうしない,せいぞうした,せいぞうしろ,せいぞうしよう,せいぞうすれば,せいぞうできる,せいぞうされる,せいぞうさせる
,,整理する,整理，整顿；清理,整理します,せいりして,せいりしない,せいりした,せいりしろ,せいりしよう,せいりすれば,せいりできる,せいりされる,せいりさせる
,,接続する,连续，连接,接続します,せつぞくして,せつぞくしない,せつぞくした,せつぞくしろ,せつぞくしよう,せつぞくすれば,せつぞくできる,せつぞくされる,せつぞくさせる
,,設定する,制定，设立,設定します,せっていして,せっていしない,せっていした,せっていしろ,せっていしよう,せっていすれば,せっていできる,せっていされる,せっていさせる
,,セットする,方，安放,セットします,セットして,セットしない,セットした,セットしろ,セットしよう,セットすれば,セットできる,セットされる,セットさせる
,,世話する,照料，照顾；增加麻烦,世話します,せわして,せわしない,せわした,せわしろ,せわしよう,せわすれば,せわできる,せわされる,せわさせる
,,洗濯する,洗衣服，洗涤,洗濯します,せんたくして,せんたくしない,せんたくした,せんたくしろ,せんたくしよう,せんたくすれば,せんたくできる,せんたくされる,せんたくさせる
,,洗練する,精炼，洗练；高尚，优雅,洗練します,せんれんして,せんれんしない,せんれんした,せんれんしろ,せんれんしよう,せんれんすれば,せんれんできる,せんれんされる,せんれんさせる
,,掃除する,清扫，扫除,掃除します,そうじして,そうじしない,そうじした,そうじしろ,そうじしよう,そうじすれば,そうじできる,そうじされる,そうじさせる
,,早退する,早退,早退します,そうたいして,そうたいしない,そうたいした,そうたいしろ,そうたいしよう,そうたいすれば,そうたいできる,そうたいされる,そうたいさせる
,,相談する,商量，商谈，磋商,相談します,そうだんして,そうだんしない,そうだんした,そうだんしろ,そうだんしよう,そうだんすれば,そうだんできる,そうだんされる,そうだんさせる
,,創立する,创立,創立します,そうりつして,そうりつしない,そうりつした,そうりつしろ,そうりつしよう,そういつすれば,そうりつできる,そうりつされる,そうりつさせる
,,卒業する,毕业,卒業します,そつぎょうして,そつぎょうしない,そつぎょうした,そつぎょうしろ,そつぎょうしよう,そつぎょうすれば,すつぎょうできる,そつぎょうされる,そつぎょうさせる
,,滞在する,旅居，逗留,滞在します,たいざいして,たいざいしない,たいざいした,たいざいしろ,たいざいしよう,たいざいすれば,たいざいできる,たいざいされる,たいざいさせる
,,担当する,担当，担任,担当します,たんとうして,たんとうしない,たんとうした,たんとうしろ,たんとうしよう,たんとうすれば,たんとうできる,たんとうされる,たんとうさせる
,,チェックインする,登记，报到,チェックインします,チェックインして,チェックインしない,チェックインした,チェックインしろ,チェックインしよう,チェックインすれば,チェックインできる,チェックインされる,チェックインさせる
,,チェックする,支票；核对,チェックします,チェックして,チェックしない,チェックした,チェックしろ,チェックしよう,チェックすれば,チェックできる,チェックされる,チェックさせる
,,注意する,注意，留神,注意します,ちゅういして,ちゅういしない,ちゅういした,ちゅういしろ,ちゅういしよう,ちゅういすれば,ちゅういできる,ちゅういされる,ちゅういさせる
,,貯金する,存款，储蓄,貯金します,ちょきんして,ちょきんしない,ちょきんした,ちょきんしろ,ちょきんしよう,ちょきんすれば,ちょきんできる,ちょきんされる,ちょきんさせる
,,直行する,一直前往，直达,直行します,ちょっこうして,ちょっこうしない,ちょっこうした,ちょっこうしろ,ちょっこうしよう,ちょっこうすれば,ちょっこうできる,ちょっこうされる,ちょっこうさせる
,,つまみ食いする,,つまみ食いします,つまみぐいして,つまみぐいしない,つまみぐいした,つまみぐいしろ,つまみぐいしよう,つまみぐいすれば,つまみぐいできる,つまみぐいされる,つまみぐいさせる



三类动词,,,,,,,,,,,,,
,,提案する,提案，建议,提案します,ていあんして,ていあんしない,ていあんした,ていあんしろ,ていあんしよう,ていあんすれば,ていあんできる,ていあんされる,ていあんさせる
,,提出する,提出，提交,提出します,ていしゅつして,ていしゅつしない,ていしゅつした,ていしゅつしろ,ていしゅつしよう,ていしゅつすれば,ていしゅつできる,ていしゅつされる,ていしゅつさせる
,,徹夜する,通宵，彻夜,徹夜します,てつやして,てつやしない,てつやした,てつやしろ,てつやしよう,てつやすれば,てつやできる,てつやされる,てつやさせる
,,転職する,调职；转行,転職します,てんしょくして,てんしょくしない,てんしょくした,てんしょくしろ,てんしょくしよう,てんしょくすれば,てんしょくできる,てんしょくされる,てんしょくさせる
,,添付する,添上，附上,添付します,てんぷして,てんぷしない,てんぷした,てんぷしろ,てんぽしよう,てんぽすれば,てんぽできる,てんぽされる,てんぽさせる
,,倒産する,破产,倒産します,とうさんして,とうさんしない,とうさんした,とうさんしろ,ー,とうさんすれば,ー,ろうさんされる,とうさんさせる
,,どきどきする,敲，打,どきどきします,どきどきして,どきどきしない,どきどきした,ー,ー,どきどきすれば,ー,どきどきされる,どきどきさせる
,,入院する,住院,入院します,にゅういんして,にゅういんしない,にゅういんした,にゅういんしろ,にゅういんしよう,にゅういんすれば,にゅういんできる,にゅういんされる,にゅういんさせる
,,入学する,入学,入学します,にゅうがくして,にゅうがくしない,にゅうがくした,にゅうがくしろ,にゅうがくしよう,にゅうがくすれば,にゅうがくできる,にゅうがくされる,にゅうがくさせる
,,入社する,进公司（工作）,入社します,にゅうしゃして,にゅうしゃしない,にゅうしゃした,にゅうしゃしろ,にゅうしゃしよう,にゅうしゃすれば,にゅうしゃできる,にゅうしゃされる,にゅうしゃさせる
,,寝坊する,睡懒觉,寝坊します,ねぼうして,ねぼうしない,ねぼうした,ねぼうしろ,ねぼうしよう,ねぼうすれば,ねぼうできる,ねぼうされる,ねぼうさせる
,,拝見する,（自谦）看，拜读,拝見します,はいけんして,はいけんしない,はいけんした,はいけんしろ,はいけんしよう,はいけんすれば,はいけんできる,はいけんされる,はいけんさせる
,,発見する,发现,発見します,はっけんして,はっけんしない,はっけんした,はっけんしろ,はっけんしよう,はっけんすれば,はっけんできる,はっけんされる,はっけんさせる
,,発言する,发言,発言します,はつげんして,はつげんしない,はつげんした,はつげんしろ,はつげんしよう,はつげんすれば,はつげんできる,はつげんされる,はつげんさせる
,,発送する,（货物，行李，邮件）发送,発送します,はっそうして,はっそうしない,はっそうした,はっそうしろ,はっそうしよう,はっそうすれば,はっそうできる,はっそうされる,はっそうさせる
,,発売する,卖，出售,発売します,はつばいして,はつばいしない,はつばいした,はつばいしろ,はつばいしよう,はつばいすれば,はつばいできる,はつばいされる,はつばいさせる
,,発明する,发明，创造,発明します,はつめいして,はつめいしない,はつめいした,はつめいしろ,はつめいしよう,はつめいすれば,はつめいできる,はつめいされる,はつめいさせる
,,はらはらする,非常担心的样子,はらはらします,はらはらして,はらはらしない,はらはらした,ー,ー,はらはらすれば,ー,はらはらされる,はらはらさせる
,,パンクする,轮胎破裂；物体过涨破裂,パンクします,パンクして,パンクしない,パンクした,ー,ー,パンクすれば,ー,ー,パンクさせる
,,びっくりする,吃惊，吓一跳,びっくりします,びっくりして,びっくりしない,びっくりした,ー,ー,びっくりすれば,ー,びっくりされる,びっくりさせる
,,普及する,普及,普及します,ふきゅうして,ふきゅうしない,ふきゅうした,ふきゅうしろ,ふきゅうしよう,ふきゅうすれば,ふきゅうできる,ふきゅうされる,ふきゅうさせる
,,復習する,复习,復習します,ふくしゅうして,ふくしゅうしない,ふくしゅうした,ふくしゅうしろ,ふくしゅうしよう,ふくしゅうすれば,ふくしゅうできる,ふくしゅうされる,ふくしゅうさせる
,,フリーズする,死机；突然停下,フリーズします,フリーズして,フリーズしない,フリーズした,ー,ー,フリーズすれば,ー,フリーズされる,フリーズさせる
,,勉強する,勤奋；用功,勉強します,べんきょうして,べんきょうしない,べんきょうした,べんきょうしろ,べんきょうしよう,べんきょうすれば,べんきょうできる,べんきょうされる,べんきょうさせる
,,報告する,汇报，报告,報告します,ほうこくして,ほうこくしなう,ほうこくした,ほうこくしろ,ほうこくしよう,ほうこくすれば,ほうこくできる,ほうこくされる,ほうこくさせる
,,放送する,广播，播送,放送します,ほうそうして,ほうそうしない,ほうそうした,ほうそうしろ,ほうそうしよう,ほうそうすれば,ほうそうできる,ほうそうされる,ほうそうさせる
,,訪問する,访问，拜访,訪問します,ほうもんして,ほうもんしない,ほうもんした,ほうもんしろ,ほうもんしよう,ほうもんすれば,ほうもんできる,ほうもんされる,ほうもんさせる
,,保存する,保存,保存します,ほぞんして,ほぞんしない,ほぞんした,ほぞんしろ,ほぞんしよう,ほぞんすれば,ほぞんできる,ほぞんされる,ほぞんさせる
,,ぼんやりする,模糊，不清楚,ぼんやりします,ぼんやりして,ぼんやりしない,ぼんやりした,ー,ー,ぼんやりすれば,ー,ぼんやりされる,ぼんやりさせる
,,約束する,约定；规则,約束します,やくそくして,やくそくしない,やくそくした,やくそくしろ,やくそくしよう,やくそくすれば,やくそくできる,やくそくされる,やくそくさせる
,,火傷する,烧伤，烫伤,火傷します,やけどして,やけどしない,やけどした,やけどしろ,ー,やけどすれば,やけどできる,やけどされる,やけどさせる
,,優勝する,取得冠军，优胜,優勝します,ゆうしょうして,ゆうしょうしない,ゆうしょうした,ゆうしょうしろ,ゆうしょうしよう,ゆうしょうすれば,ゆうしょうできる,ゆうしょうされる,ゆうしょうさせる
,,輸入する,输入，进口,輸入します,ゆにゅうして,ゆにゅうしない,ゆにゅうした,ゆにゅうしろ,ゆにゅうしよう,ゆにゅうすれば,ゆにゅうできる,ゆにゅうされる,ゆにゅうさせる
,,用意する,准备，预备,用意します,よういして,よういしない,よういした,よういしろ,よういしよう,よういすれば,よういできる,よういされる,よういさせる
,,予約する,预约，预定,予約します,よやくして,よやくしない,よやくした,よやくしろ,よやくしよう,よやくすれば,よやくできる,よやくされる,よやくさせる
,,ライトアップする,,ライトアップします,ライトアップして,ライトアップしない,ライトアップした,ライトアップしろ,ライトアップしよう,ライトアップすれば,ライトアップできる,ライトアップされる,ライトアップさせる
,,理解する,理解，领会，谅解,理解します,りかいして,りかいしない,りかいした,りかいしろ,りかいしよう,りかいすれば,りかいできる,りかいされる,りかいさせる
,,留学する,留学,留学します,りゅうがくして,りゅうがくしない,りゅうがくした,りゅがくしよう,りゅがくしよう,りゅうがくすれば,りゅうがくできる,りゅうがくされる,りゅうがくさせる
,,流行する,流行，时髦,流行します,りゅうこうして,りゅうこうしない,りゅうこうした,ー,ー,りゅうこうすれば,ー,ー,りゅうこうさせる
,,利用する,利用,利用します,りようして,りようしない,りようした,りようしろ,りようしよう,りようすれば,りようできる,りようされる,りようさせる
,,練習する,练习,練習します,れんしゅうして,れんしゅうしない,れんしゅうした,れんしゅうしろ,れんしゅうしよう,れんしゅうすれば,れんしゅうできる,れんしゅうされる,れんしゅうさせる
,,連絡する,联系，联络,連絡します,れんらくして,れんらくしない,れんらくした,れんらくしろ,れんらくしよう,れんらくすれば,れんらくできる,れんらくされる,れんらくさせる
,,わくわくする,心情不平静；欢欣雀跃,わくわくします,わくわくした,わくわくしない,わくわくした,ー,ー,わくわくすれば,ー,わくわくされる,わくわくさせる
